<?xml version='1.0' encoding='UTF-8'?>

<!-- =========== FULL CONFIGURATION FILE ================================== -->

<faces-config version="1.2" 
    xmlns="http://java.sun.com/xml/ns/javaee" 
    xmlns:xsi="http://www.w3.org/2001/XMLSchema-instance" 
    xsi:schemaLocation="http://java.sun.com/xml/ns/javaee http://java.sun.com/xml/ns/javaee/web-facesconfig_1_2.xsd">
    <managed-bean>
        <managed-bean-name>loginBean</managed-bean-name>
        <managed-bean-class>beans.LoginBean</managed-bean-class>
        <managed-bean-scope>request</managed-bean-scope>
    </managed-bean>
    <navigation-rule>
        <from-view-id>/login.jsp</from-view-id>
        <navigation-case>
            <from-outcome>home</from-outcome>
            <to-view-id>/home.jsp</to-view-id>
            <redirect/>
        </navigation-case>
    </navigation-rule>
    <managed-bean>
        <managed-bean-name>topic</managed-bean-name>
        <managed-bean-class>beans.Topic</managed-bean-class>
        <managed-bean-scope>request</managed-bean-scope>
    </managed-bean>
    <managed-bean>
        <managed-bean-name>question</managed-bean-name>
        <managed-bean-class>beans.Question</managed-bean-class>
        <managed-bean-scope>request</managed-bean-scope>
        <managed-property>
               <property-name>topicid</property-name>
               <value>#{param.topicid}</value>
        </managed-property>
    </managed-bean>
</faces-config>



